-----------Tabla PAIS-----
INSERT INTO PAIS VALUES (1,'Estados Unidos','America',3);
INSERT INTO PAIS VALUES (2,'Canada','America',3);
INSERT INTO PAIS VALUES (3,'Reino Unido','Europa',5);
INSERT INTO PAIS VALUES (4,'Alemania','Europa',2);
INSERT INTO PAIS VALUES (5,'Brasil','America',1);
INSERT INTO PAIS VALUES (6,'India','Asia del Sur',1);
INSERT INTO PAIS VALUES (7,'Rusia','Europa',3);
INSERT INTO PAIS VALUES (8,'Mexico','America',2);

----------Tabla EQUIPO-----
INSERT INTO EQUIPO VALUES (1,'Dragones de Fuego',1,'Vuelo de Dragon',0,7);
INSERT INTO EQUIPO VALUES (2,'Centauros Voladores',0,'Arremetida del Centauro',0,7);
INSERT INTO EQUIPO VALUES (3,'Griffindors Salvajes',3,'Desvío de la Esfinge',2,7);
INSERT INTO EQUIPO VALUES (4,'Espectros de la Tormenta',1,'Remolino de Sirenas',1,7);
INSERT INTO EQUIPO VALUES (5,'Basiliscos Alados',2,'Maldicion del Basilisco',1,7);
INSERT INTO EQUIPO VALUES (6,'Hipogrifos Dorados',0,'Salto de Hipogrifo',0,7);
INSERT INTO EQUIPO VALUES (7,'Serpientes de Plata',2,'Embate Fulgurante',1,7);
INSERT INTO EQUIPO VALUES (8,'Valquirias del Viento',3,'Lazo de las Hidras',2,7);

----------Tabla PARTICIPANTE----
----------------------------------crp-----nombre--------------idpais-edad-altura-peso
INSERT INTO PARTICIPANTE VALUES ('A1234', 'Alistair Blackthorn', 1, 19, 1.67, 60);
INSERT INTO PARTICIPANTE VALUES ('B5678', 'Gwendolyn Fairchild', 1, 21, 1.57, 56);
INSERT INTO PARTICIPANTE VALUES ('C9012', 'Ron Hawthorne', 1, 18, 1.75, 76);
INSERT INTO PARTICIPANTE VALUES ('D3456', 'Evangeline Moonshadow', 1, 22, 1.59, 65);
INSERT INTO PARTICIPANTE VALUES ('E7890', 'Orion Nightshade', 1, 19, 1.80, 85);
INSERT INTO PARTICIPANTE VALUES ('F2345', 'Seraphina Evergreen', 1, 21, 1.62, 55);
INSERT INTO PARTICIPANTE VALUES ('G6789', 'Caspian Thornfield', 1, 20, 1.76, 81);
INSERT INTO PARTICIPANTE VALUES ('H0123', 'Arabella Ravenswood', 2, 18, 1.62, 58);
INSERT INTO PARTICIPANTE VALUES ('I4567', 'Maximus Ironwood', 2, 22, 1.82, 86);
INSERT INTO PARTICIPANTE VALUES ('J8901', 'Ophelia Starling', 2, 19, 1.49, 45);
INSERT INTO PARTICIPANTE VALUES ('K2345', 'Phineas Stargazer', 2, 19, 1.78, 80);
INSERT INTO PARTICIPANTE VALUES ('L6789', 'Isadora Flintwood', 2, 20, 1.59, 63);
INSERT INTO PARTICIPANTE VALUES ('M0123', 'Lucius Ravenscroft', 2, 22, 1.83, 79);
INSERT INTO PARTICIPANTE VALUES ('N4567', 'Rosalind Holloway', 2, 19, 1.75, 50);
INSERT INTO PARTICIPANTE VALUES ('O8901', 'Ambrose Pendragon', 3, 20, 1.56, 55);
INSERT INTO PARTICIPANTE VALUES ('P2345', 'Rowena Whitewood', 3, 19, 1.59, 49);
INSERT INTO PARTICIPANTE VALUES ('Q6789', 'Ignatius Blackwood', 3, 22, 1.85, 89);
INSERT INTO PARTICIPANTE VALUES ('R0123', 'Imogen Heartwood', 3, 18, 1.56, 55);
INSERT INTO PARTICIPANTE VALUES ('S4567', 'Augustus Ravenscar', 3, 20, 1.78, 80);
INSERT INTO PARTICIPANTE VALUES ('T8901', 'Felicity Ashborne', 3, 19, 1.59, 55);
INSERT INTO PARTICIPANTE VALUES ('U2345', 'Benedict Lightfoot', 3, 22, 1.79, 87);
INSERT INTO PARTICIPANTE VALUES ('V6789', 'Seraphina Blackthorne', 4, 21, 1.56, 62);
INSERT INTO PARTICIPANTE VALUES ('W0123', 'Atticus Gryffindor', 4, 22, 1.79, 84);
INSERT INTO PARTICIPANTE VALUES ('X4567', 'Lavinia Nightshade', 4, 19, 1.62, 71);
INSERT INTO PARTICIPANTE VALUES ('Y8901', 'Octavius Winterbourne', 4, 20, 1.86, 89);
INSERT INTO PARTICIPANTE VALUES ('Z2345', 'Marigold Thistlebrook', 4, 21, 1.62, 58);
INSERT INTO PARTICIPANTE VALUES ('1234A', 'Alaric Stormrider', 4, 22, 1.89, 95);
INSERT INTO PARTICIPANTE VALUES ('5678B', 'Evangeline Moonstone', 4, 19, 1.65, 60);
INSERT INTO PARTICIPANTE VALUES ('9012C', 'Orion Ravensdale', 5, 20, 1.87, 93);
INSERT INTO PARTICIPANTE VALUES ('3456D', 'Arabella Hawthorne', 5, 21, 1.56, 62); 
INSERT INTO PARTICIPANTE VALUES ('7890E', 'Tristan Wilde', 5, 22, 1.79, 83);
INSERT INTO PARTICIPANTE VALUES ('2345F', 'Aurora Stargazer', 5, 18, 1.49, 45);
INSERT INTO PARTICIPANTE VALUES ('6789G', 'Cedric Thorne', 5, 22, 1.79, 73);
INSERT INTO PARTICIPANTE VALUES ('0123H', 'Ophelia Everhart', 5, 19, 1.66, 79);
INSERT INTO PARTICIPANTE VALUES ('4567I', 'Casimir Ravenshadow', 5, 18, 1.87, 92);
INSERT INTO PARTICIPANTE VALUES ('8901J', 'Rosalind Thistledown', 6, 22, 1.65, 56); 
INSERT INTO PARTICIPANTE VALUES ('2345K', 'Lucinda Moonlight', 6, 19, 1.53, 43);
INSERT INTO PARTICIPANTE VALUES ('6789L', 'Jasper Whitewood', 6, 21, 1.78, 86);
INSERT INTO PARTICIPANTE VALUES ('0123M', 'Penelope Ashthorn', 6, 19, 1.58, 65);
INSERT INTO PARTICIPANTE VALUES ('4567N', 'Magnus Nightshade', 6, 21, 1.79, 68);
INSERT INTO PARTICIPANTE VALUES ('8901O', 'Evangeline Winterbourne', 6, 18, 1.64, 70);
INSERT INTO PARTICIPANTE VALUES ('2345P', 'Phineas Blackthorn', 6, 22, 1.83, 76);
INSERT INTO PARTICIPANTE VALUES ('6789Q', 'Cordelia Ravenswood', 7, 18, 1.58, 53);
INSERT INTO PARTICIPANTE VALUES ('0123R', 'Silas Ironwood', 7, 21, 1.60, 67);
INSERT INTO PARTICIPANTE VALUES ('4567S', 'Isolde Thornfield', 7, 18, 1.72, 75);
INSERT INTO PARTICIPANTE VALUES ('8901T', 'Caspar Hartwood', 7, 22, 1.85, 93);
INSERT INTO PARTICIPANTE VALUES ('2345U', 'Vivienne Ravenscar', 7, 19, 1.60, 54);
INSERT INTO PARTICIPANTE VALUES ('6789V', 'Lysander Ashborne', 7, 20, 1.84, 91);
INSERT INTO PARTICIPANTE VALUES ('0123W', 'Seraphina Lightfoot', 7, 18, 1.59, 65);
INSERT INTO PARTICIPANTE VALUES ('4567X', 'Percival Moonshadow', 8, 20, 1.76, 87);
INSERT INTO PARTICIPANTE VALUES ('8901Y', 'Imogen Holloway', 8, 19, 1.61, 57);
INSERT INTO PARTICIPANTE VALUES ('2345Z', 'Alaric Pendragon', 8, 22, 1.69, 75);
INSERT INTO PARTICIPANTE VALUES ('A5678', 'Rowena Ashthorn', 8, 21, 1.48, 45);
INSERT INTO PARTICIPANTE VALUES ('B9012', 'Thaddeus Blackwood', 8, 18, 1.75, 87);
INSERT INTO PARTICIPANTE VALUES ('C3456', 'Beatrix Ravensdale', 8, 20, 1.64, 60);
INSERT INTO PARTICIPANTE VALUES ('D7890', 'Orion Flintwood', 8, 19, 1.74, 69);
--------ARBITROS-------
INSERT INTO PARTICIPANTE VALUES ('23A45', 'Elara Nightshade', 2, 35, 1.62, 73);
INSERT INTO PARTICIPANTE VALUES ('67A89', 'Caspian Whitewood', 4, 28, 1.79, 87);
INSERT INTO PARTICIPANTE VALUES ('01A23', 'Luna Stargazer', 6, 52, 1.75, 72);
INSERT INTO PARTICIPANTE VALUES ('45A67', 'Maximilian Ravenscar', 8, 48, 1.83, 96);

-------TABLA DE JUGADOR----
INSERT INTO JUGADOR VALUES (1,'Guardian',2),
(1,'Buscador',2),
(1,'Golpeador',3),
(1,'Golpeador',1),
(1,'Cazador',2),
(1,'Cazador',2),
(1,'Cazador',1),
(2,'Guardian',3),
(2,'Buscador',1),
(2,'Golpeador',2),
(2,'Golpeador',1),
(2,'Cazador',3),
(2,'Cazador',3),
(2,'Cazador',1),
(3,'Guardian',2),
(3,'Buscador',3),
(3,'Golpeador',2),
(3,'Golpeador',2),
(3,'Cazador',1),
(3,'Cazador',2),
(3,'Cazador',1),
(4,'Guardian',3),
(4,'Buscador',1),
(4,'Golpeador',2),
(4,'Golpeador',2),
(4,'Cazador',3),
(4,'Cazador',1),
(4,'Cazador',2),
(5,'Guardian',2),
(5,'Buscador',2),
(5,'Golpeador',3),
(5,'Golpeador',1),
(5,'Cazador',2),
(5,'Cazador',2),
(5,'Cazador',1),
(6,'Guardian',3),
(6,'Buscador',3),
(6,'Golpeador',2),
(6,'Golpeador',1),
(6,'Cazador',3),
(6,'Cazador',1),
(6,'Cazador',2),
(7,'Guardian',3),
(7,'Buscador',2),
(7,'Golpeador',2),
(7,'Golpeador',2),
(7,'Cazador',2),
(7,'Cazador',3),
(7,'Cazador',1),
(8,'Guardian',2),
(8,'Buscador',2),
(8,'Golpeador',2),
(8,'Golpeador',3),
(8,'Cazador',2),
(8,'Cazador',3),
(8,'Cazador',1),

-----------Tabla ARBITRO-----
INSERT INTO ARBITRO VALUES ('123','123 Maple Street, Toronto, Ontario, Canada',14165551234),
('456','Hauptstraße 1, Berlin, Alemania',49305555678),
('789','456 Mahatma Gandhi Road, Mumbai, India', 912255556789),
('012','Avenida Juárez 789, CDMX, Mexico',525555551234);

-----------Tabla HOTEL------- id, nombre, numero cel, direccion y fecha de aloj
INSERT INTO HOTEL VALUES (777, 'El Caldero Chorreante', 442012345678, 'Calle de los Magos 456, Londres, Reino Unido', '22 de Marzo al 26 de Marzo'),
(333, 'La Lechucería', 4413198765432, 'Avenida del Búho 789, Hogsmeade, Escocia', '28 de Marzo al 6 de Febrero');

-----------Tabla ESTADIO---- ID, IDHOTEL, NOMBRE, CAPACIDAD
INSERT INTO ESTADIO VALUES (12345, 777, 'Estadio de Quidditch Cresta de Dragon',30000),
(67890, 777, 'Estadio de Quidditch Bosque Perdido',40000),
(23456, 333, 'Estadio de Quidditch Colina de las Lechuzas',25000),
(78901, 333, 'Estadio de Quidditch Lago Negro',35000);

-----------Tabla PARTIDO----- ID, FK ARB, FK ESTADIO, FKEQUIPO WIN
INSERT INTO PARTIDO VALUES (1, 2345, 12345, 1),
(2, 0789, 67890, 2),
(3, 0123, 23456, 3),
(4, 4567, 78901, 8),
(5, 2345, 12345, 1),
(6, 0789, 67890, 2),
(7, 0123, 23456, 5),
(8, 4567, 78901, 6),
(9, 2345, 12345, 1),
(10, 0789, 67890, 4),
(11, 0123, 23456, 7),
(12, 4567, 78901, 6),
(13, 2345, 12345, 4),
(14, 0789, 67890, 2),
(15, 0123, 23456, 8),
(16, 4567, 78901, 6),
(17, 2345, 12345, 5),
(18, 0789, 67890, 6),
(19, 0123, 23456, 3),
(20, 4567, 78901, 7),
(21, 2345, 12345, 1),
(22, 0789, 67890, 1),
(23, 0123, 23456, 7),
(24, 4567, 78901, 8),
(25, 2345, 12345, 6),
(26, 0789, 67890, 1),
(27, 0123, 23456, 6),
(28, 2345, 12345, 1);

-----------Tabla MOV_PROHIBIDOS----(id,fkpartido,nombremov,cantidad,fkmoveq)
INSERT INTO MOV_PROHIBIDOS VALUES (1,2,'Golpe intencional',2,5),
(2,4,'Obstruccion de camino',1,4),
(3,8,'Agarrar escoba contraria',1,7),
(4,15,'Intimidacion',1,5),
(5,20,'Abandono intencional',1,4),
(6,27,'Uzo de hechizos',1,8);
